projectID	scriptID	SpriteName	NumberOfBlocks
99288134	69	ufo	97
99608050	11	Sprite1	649
99272208	20	Sprite1	85
99480307	50	Sprite6	102
99480307	54	Sprite7	102
98776442	57	Mantis	98
99556631	20	blobby	93
99935643	430	Tool Swing	82
99117369	366	Tool Swing	82
99833296	9	Sprite14	77
99833296	17	Sprite17	77
99604675	137	Sprite15	79
99604675	138	Sprite15	74
99604675	139	Sprite15	74
99258574	36	=	132
98842788	233	Dark Alzter2	115
99556784	8	stage	98
99084173	430	Tool Swing	82
99730229	57	Droideka	71
99534246	47	pokeball2	197
99960249	0	stage	192
99192941	2	Sprite2	124
99613572	6	stage	625
99192941	19	Sprite4	124
99192941	36	Sprite8	124
99556784	495	Sprite1	103
99192941	40	Sprite9	124
99192941	43	Sprite10	124
99534246	98	transition	79
99556784	505	Sprite1	103
99192941	44	Sprite10	124
99192941	47	Sprite11	124
99723436	366	Tool Swing	82
99192941	48	Sprite11	124
99192941	51	Sprite12	124
99192941	52	Sprite12	124
99192941	53	Sprite12	124
99192941	56	Sprite13	124
99192941	57	Sprite13	124
99192941	58	Sprite13	124
99192941	61	Sprite14	124
99192941	62	Sprite14	124
99192941	65	Sprite15	124
98854441	92	Evil Pacman	73
99958719	0	stage	192
99962076	0	stage	192
99192941	72	Sprite18	124
99192941	75	Sprite19	124
99631277	2	stage	105
99100254	49	Old Unused Gaster Blaster	87
99118171	1	start-button	77
99118171	3	start-button	80
99741895	24	Scan Line	80
99426289	17	The Player	87
98983728	159	Block	130
98983728	160	Block	130
98983728	161	Block	109
99557011	7	Text	87
99801398	320	Tool Swing	82
99962152	0	stage	192
99148090	27	The Player	87
99960331	0	stage	192
99561213	11	tiles	184
99962209	0	stage	192
99960409	0	stage	192
99487428	55	clan castle	91
98843276	158	PickPlayers96	177
98843276	159	PickPlayers96	197
98875788	23	stage	89
98875788	26	stage	80
99863214	8	stage	98
99962268	0	stage	192
99763423	3	Question	90
99960484	0	stage	192
99371474	468	Thorn	78
99591847	59	Generator	87
99012073	11	Sprite1	649
99723651	47	Game	97
99085090	542	chat	127
99545228	17	The Player	87
99012073	27	Sprite6	649
99012088	77	ufo	97
98962405	7	Im climbing!	87
99946370	366	Tool Swing	82
99194251	277	Rendering	363
99583349	86	Items	71
99757422	366	Tool Swing	82
98985447	146	Your Army5	97
98919843	156	LOAD GAME	80
98829611	38	Sprite1	153
99225926	58	Sprite1	97
99962325	0	stage	192
99958806	0	stage	192
99962378	0	stage	192
99863214	433	Sprite1	103
99927078	289	Tool Swing	82
99330246	5	4	79
99863214	443	Sprite1	103
98879624	6	Dog2	78
99549734	542	chat	127
99215113	366	Tool Swing	82
99524691	16	Player	71
99439591	73	Multiplayer	82
99648144	268	Sprite15	94
99715656	25	Generator	87
99346544	27	Heart	227
99958910	0	stage	192
99576305	30	Old Unused Gaster Blaster	87
99085972	350	Tool Swing	82
99959015	0	stage	192
99346544	212	Text	74
99000099	11	Move	89
98783635	366	Tool Swing	82
99000099	327	Map Buttons3	83
99000099	346	Map Buttons2	96
99000099	364	Map Buttons	96
99518078	39	???Mouth	177
98942230	1	Sprite1	72
99337823	2	Sprite1	241
98831733	1055	Assistant	294
99183978	386	Tool Swing	82
99959106	0	stage	192
99550016	5	sprite 3 is pink and its ok7u76tt767676767676767676767676767676767676767676767676767676767676767676767676767676767676767676767676767676767676767676767676767676767676767676767676767676767676767676767676767676767676767676767676767676767676767676767676767676767676767676767676767676767676767676767676767676767676767676767676767676767676767676767676767676767676767676767676767676767676767676767676767676767676767676767676767676767676767676767676767676767676767676767676767676767676767676767676767676767676767676767676767676767676767676767676767676767676767676767676767676767676767676767676767676767676767676767676767676767676767676767676767676767676767676767676767676767676767676767676767676767676767676767676767676767676767676767676767676767676767676767676767676767676767676767676767676767676	144
99550016	6	sprite 3 is pink and its ok7u76tt767676767676767676767676767676767676767676767676767676767676767676767676767676767676767676767676767676767676767676767676767676767676767676767676767676767676767676767676767676767676767676767676767676767676767676767676767676767676767676767676767676767676767676767676767676767676767676767676767676767676767676767676767676767676767676767676767676767676767676767676767676767676767676767676767676767676767676767676767676767676767676767676767676767676767676767676767676767676767676767676767676767676767676767676767676767676767676767676767676767676767676767676767676767676767676767676767676767676767676767676767676767676767676767676767676767676767676767676767676767676767676767676767676767676767676767676767676767676767676767676767676767676767676767676767676767676	147
99955054	12	CPU player	150
99566190	86	Tunnit4	127
99197549	20	blobby	93
99566190	98	Tunnit2	127
99566190	110	Minuutit4	127
99959169	0	stage	192
99566190	122	Minuutit2	127
99159038	68	Multiplayer	82
98923975	152	images	140
99184743	25	Ball	114
99184743	36	Ball	92
99535405	362	Sprite37	138
99493915	16	Player	71
99346853	366	Tool Swing	82
99525650	83	Spawner	90
99001439	366	Tool Swing	82
99959285	0	stage	192
99959369	0	stage	192
99471106	17	The Player	87
98886026	1	Sprite1	384
98787419	1	Sprite1	97
99628251	26	Jelly Farm Space 1	75
98945272	1	Sprite1	81
99138819	8	stage	98
99579841	5	Sprite1	108
99959459	0	stage	192
99476300	17	The Player	87
99138819	433	Sprite1	103
99138819	443	Sprite1	103
98815069	24	Heart	227
99294251	27	unused	129
98815069	212	Text	74
99123551	465	Tiles	72
99160759	17	The Player	87
99783410	1456	system	90
99959544	0	stage	192
99449688	36	The Player	87
99055700	17	The Player	87
99834798	366	Tool Swing	82
99014994	17	Player	71
99959615	0	stage	192
98988799	430	Tool Swing	82
99109059	367	Tool Swing	82
99959677	0	stage	192
99281704	9	Sprite1	147
99281704	10	Sprite1	95
99250220	12	CPU player	150
99325836	17	The Player	87
98989155	36	Game	136
99498838	15	Elsa	174
99472364	28	editor'	82
99418261	2	stage	154
99959738	0	stage	192
99125429	2	Sprite1	77
99218405	347	Tool Swing	82
99633217	12	player	217
99536241	72	Multiplayer	82
99251258	18	blobby	93
99004592	66	Spawner	90
99139877	366	Tool Swing	82
99360686	83	Spawner	90
99036977	3	stage	105
99307655	24	Heart	227
99036977	405	Black Moves 2	201
99036977	406	Black Moves 2	142
99036977	415	Black Moves 1	168
99036977	416	Black Moves 1	159
99340513	11	Game	141
99219072	28	editor'	82
99036977	429	AI Brain	109
99036977	440	Moves 3	153
99036977	449	Moves 2	172
99036977	450	Moves 2	102
99036977	457	Moves 1	128
99036977	458	Moves 1	159
99296646	93	nums_main	88
99036977	472	Control	110
99036977	473	Control	139
99036977	483	Pen	162
99219205	20	blobby	93
99109915	3	Sprite1	182
99769523	367	Tool Swing	82
99959807	0	stage	192
99570672	6	stage	75
99307655	212	Text	74
99550922	38	the ruins	117
99378490	366	Tool Swing	82
99959877	0	stage	192
98990486	83	Spawner	90
99645472	5	Objeto1	108
99390725	20	blobby	93
99079789	49	Frown F2	138
99959951	0	stage	192
99464080	20	blobby	93
99599129	19	Sprite3	116
99917471	366	Tool Swing	82
99599129	36	IntroPackage	76
99203181	13	The office	309
99080515	0	Button1	84
98837732	1	Sprite1	77
99177864	27	Player	71
99894024	1422	system	90
99940217	83	Spawner	90
99619558	75	SkillButton	74
99551288	102	metalman	538
99489792	2	Sprite1	119
99080742	374	Sprite37	138
99633865	54	Puppy 6	116
99633865	103	Puppy 5	116
99567645	17	The Player	87
98976454	21	Sprite2	73
98976454	26	Sprite2	71
99943630	383	Tool Swing	82
99171948	13	Sprite4	177
98796530	11	Move	89
99633865	224	Me! :D	121
99521520	21	blobby	93
98796530	386	Map Buttons	96
98796530	405	Map Buttons2	96
98796530	423	Map Buttons3	83
99960039	0	stage	192
99188278	27	Player	150
99633865	284	Puppy 7	116
98850170	11	Sprite3	100
98850170	17	Sprite3	95
98850170	24	Sprite4	100
98850170	30	Sprite4	95
98850170	37	Sprite5	100
98850170	43	Sprite5	95
98850170	50	Sprite6	100
98850170	56	Sprite6	95
98850170	63	Sprite7	100
98850170	69	Sprite7	95
98850170	76	Sprite8	100
98850170	82	Sprite8	95
98850170	89	Sprite9	100
98850170	95	Sprite9	95
99849621	5	The Magic Key	82
99142063	237	Sprite9	86
99142063	247	LOCKJAW	73
99687485	5	Sprite1	238
99963549	289	Tool Swing	82
99473470	289	Tool Swing	82
99178181	289	Tool Swing	82
99590070	366	Tool Swing	82
99154147	206	Flowey	229
99484498	77	ufo	97
98951050	21	Nano	75
99960104	0	stage	192
99154147	270	Heart	84
99793002	24	Heart	227
99188730	0	stage	192
99590086	8	stage	98
99948525	87	Sprite1	96
99948525	88	Sprite1	86
99948525	89	Sprite1	321
99850050	10	Sprite1	205
99478522	3	stage	85
99948525	94	Sprite1	161
99081519	366	Tool Swing	82
99490611	83	Spawner	90
99948525	95	Sprite1	76
99948525	98	Sprite1	106
99590086	433	Sprite1	103
99172481	17	The Player	87
99590086	443	Sprite1	103
99630484	667	Objet48	166
98821486	6	Sprite1	110
99514667	49	Asteroid 2.1	81
98896098	34	Sprite1	128
99571261	270	LOAD GAME	80
99514705	20	blobby	93
99298992	6	Bananas	183
99514705	37	platform2	92
98869907	8	stage	98
99393016	304	Sprite37	138
99793002	212	Text	74
99960178	0	stage	192
99042767	24	Ball	84
99445712	26	The Player	87
99927500	367	Tool Swing	82
98869907	429	Sprite1	103
99178900	17	The Player	87
98869907	439	Sprite1	103
99096125	17	The Player	87
98852449	27	Player	71
99042986	84	Spawner	90
99164245	292	Tool Swing	82
98931783	366	Tool Swing	82
99155241	366	Tool Swing	82
99717429	383	Tool Swing	82
99533143	162	+outline+	78
98852453	151	Data	115
99564545	49	Old Unused Gaster Blaster	87
99556326	319	Tool Swing	82
98822826	3	LULU	79
99455388	335	Sprite37	138
98915140	88	ufo	97
99479278	192	Fish COPY	107
99342515	83	Spawner	90
99739822	83	Spawner	90
99479278	198	FishSchool COPY	73
99794221	366	Tool Swing	82
99009018	159	Block	130
99009018	160	Block	130
99958622	0	stage	192
99009018	161	Block	109
99537818	7	Player 3	73
99961858	20	blobby	93
99892207	200	bullet 2	111
99925682	316	Tool Swing	82
99788026	366	Tool Swing	82
99310314	24	Heart	227
99424307	292	Sprite37	138
99578285	283	Tool Swing	82
99310314	209	Text	74
99382773	265	LOAD GAME	80
99630700	17	The Player	87
99207367	366	Tool Swing	82
98870919	542	chat	127
99043122	289	Tool Swing	82
99582239	267	Tool Swing	82
99718017	17	The Player	87
99839387	289	Tool Swing	82
99223172	17	Game	159
98824597	108	Sprite3	72
98824597	109	Sprite3	72
99009967	17	The Player	87
99744230	68	Multiplayer	82
99242145	4	Dragon	97
98684649	99	Myra2	151
98684649	100	Myra2	150
98272463	169	Game Loop	103
98684649	101	Myra2	291
98684649	103	Myra2	151
98592292	73	Multiplayer	82
98684649	104	Myra2	291
98243275	267	Tool Swing	82
98641186	474	Patchstar	99
98594258	198	The Player	87
98684649	105	Myra2	151
98684649	110	Myra2	94
83785304	3	PowerUp	84
98501858	23	Sprite7	81
98641186	556	Hawkkit	111
98773637	11	CPU player	150
98519484	23	Stanford Cardinal                                                                        This is 100% by Noroz. No copying allowed.2	196
98721214	289	Tool Swing	82
92899708	95	Scan Line	159
96640647	48	Text	132
97070329	83	Spawner	90
60909718	66	Spawner	90
93618748	270	Interpreter	79
98135375	302	Stickguy	74
98675379	5	Stage Sprite	79
88491026	64	CatchManager	71
98616287	17	Tennis Ball	106
98581943	84	Sprite1	150
75182852	0	stage	256
94748363	411	Tool Swing	82
24694037	24	Generator	87
98680955	895	run3	71
98572896	12	cloud list CRR!!	78
98103381	350	Tool Swing	82
98688268	24	Heart	227
63841116	218	NotTheCar	74
98592749	73	Multiplayer	82
63841116	233	NotTheCar	166
98509072	366	Tool Swing	82
98448522	83	Spawner	90
98703729	112	Player	273
98631987	9	Colt	496
98350508	350	Tool Swing	82
97787490	312	Tool Swing	82
97089124	136	SS Vegeta	783
97560522	28	Sprite8	132
97089124	137	SS Vegeta	563
97089124	138	SS Vegeta	385
98557597	6	Paddle	122
98637999	2	Sprite1	99
92133770	376	Tool Swing	82
98646713	389	Tool Swing	82
86545167	59	0-Glow	232
96842499	2	Sprite1	97
98671197	110	Other	73
95719918	57	AppVarMain	88
93778700	160	LOAD GAME	80
98534018	383	Tool Swing	82
96842499	24	Sprite7	646
97194795	284	Tool Swing	82
98555018	224	The Player	87
93778700	327	players_1	108
98645173	319	Tool Swing	82
97646066	9	flea	138
92182635	262	LOAD GAME	80
66566608	23	Magic Carpet	116
98541229	68	Multiplayer	82
98492907	4	Sprite1	116
97648587	1	stage	81
98538705	12	CPU player	150
90874881	262	LOAD GAME	80
98646183	380	Tool Swing	82
97790616	539	chat	127
98606558	60	Sprite1	97
98688268	212	Text	74
98182451	6	Sprite1	97
98376796	0	Sprite1	119
98436205	60	Sprite1	97
98256842	4	Sprite1	85
96860906	366	Tool Swing	82
98703861	3	stage	2610
98288608	9	stage	217
98424492	1	stage	229
98424492	2	Sprite2	83
98226259	5	Sprite1	76
98667087	17	LED	88
98674764	47	Text	132
98621035	249	Sprite9	86
98593046	286	Tool Swing	82
94544489	616	Sprite19	613
98656062	366	Tool Swing	82
98621035	267	LOCKJAW	73
98558858	4	Sprite3	160
97476103	3	Sprite1	102
92353342	63	mb	71
29809934	1123	Assistant	294
97731132	21	Sprite1	78
98226875	6	character	119
96280850	16	Elsa	176
98686095	27	Player	71
98542049	77	Sprite2	182
97899578	3	Sprite1	72
97899578	4	Sprite1	150
98510881	73	Multiplayer	82
98633553	9	CPU player2	150
98713283	15	character	225
98660190	100	Sprite2	72
98660190	101	Sprite2	72
98535021	203	The Player	87
98633553	14	CPU player	150
96110319	14	Cowboy	83
98029786	12	Spetnaz_Soldier	114
98650087	330	Tool Swing	82
93972452	257	LOAD GAME	80
92402520	27	Nightmare Foxy (1)	142
98146684	10	Sprite1	157
98379866	212	LOAD GAME	80
98695462	2	Sprite1	101
98571312	366	Tool Swing	82
98626724	38	Toy Foxy	110
98707179	59	Sprite1	97
98148061	5	stage	347
98561889	92	clan castle	91
98648967	83	Spawner	90
91170856	14	944	89
98724053	60	Sprite1	97
96134163	122	?????????????????????4	578
87214258	1	stage	109
96547116	249	Tool Swing	82
98683275	83	Spawner	90
98332987	43	Frown F2	138
95021746	50	Sprite2	130
97976371	21	WaddleDee	226
97006803	28	Avery	84
98477687	366	Tool Swing	82
97426286	354	ninja2	93
89280358	264	LOAD GAME	80
98261211	367	Tool Swing	82
98695939	56	Sprite1	97
98512157	1	Sprite1	72
98748222	86	Spawner	90
98233842	4	Pico	116
98569837	4	Sprite1	105
95063500	2	Riddle	124
89350622	264	LOAD GAME	80
96158655	20	Chara	94
98559499	1	Boat	96
98559499	2	Boat	87
98576351	289	Tool Swing	82
97151348	12	Button11	81
87659627	312	LOAD GAME	80
98674156	83	Spawner	90
98555659	1459	system	90
96765697	8	Grey	72
98618191	1	stage	79
98626875	25	Sprite4	137
98406548	224	The Player	87
98684649	38	Myra	151
98093977	289	Tool Swing	82
98611544	47	Cat2	129
98364709	366	Tool Swing	82
89690632	14	Sprite5	88
98664981	8	render	117
98684649	39	Myra	150
98684649	40	Myra	291
98611544	76	Cat1	129
89690923	36	Sprite1	111
98686875	204	The Player	87
98546967	387	Tool Swing	82
87891982	264	LOAD GAME	80
98479575	217	The Player	87
98684649	42	Myra	151
98684649	43	Myra	291
98684649	44	Myra	151
98684649	49	Myra	94
89811205	3	waffel	124
89811205	8	waffel2	124
97035583	37	Sprite1	101
98691213	366	Tool Swing	82
97042021	11	Enemies	81
92748429	43	Sprite17	252
95593511	17	Detector	73
98270664	17	Sprite1	71
94214514	54	Button3	84
96780130	289	Tool Swing	82
98688233	42	Rotation Wheel (Backside / Arrow)	245
95203975	1	render	117
98169392	58	Sprite1	97
94252586	159	LOAD GAME	80
